{
  "1.55": {
    "h": 0.10006022453308105,
    "v": 0.16245002746582032
  }
}