{
  "1.55": {
    "h": 0.10926206420068027,
    "v": 4.0454999804496765
  }
}